INSERT INTO CLIENTE VALUES (1,'cliente1','direccion1');
INSERT INTO CLIENTE VALUES (2,'cliente2','direccion2');
INSERT INTO CLIENTE VALUES (3,'cliente3','direccion3');
INSERT INTO CLIENTE VALUES (4,'cliente4','direccion4');
INSERT INTO CLIENTE VALUES (5,'cliente5','direccion5');
INSERT INTO CLIENTE VALUES (6,'cliente6','direccion6');
INSERT INTO CLIENTE VALUES (7,'cliente7','direccion7');
INSERT INTO CLIENTE VALUES (8,'cliente8','direccion8');
INSERT INTO CLIENTE VALUES (9,'cliente9','direccion9');
INSERT INTO CLIENTE VALUES (10,'cliente10','direccion10');
INSERT INTO CLIENTE VALUES (11,'cliente11','direccion11');
INSERT INTO CLIENTE VALUES (12,'cliente12','direccion12');
INSERT INTO CLIENTE VALUES (13,'cliente13','direccion13');
INSERT INTO CLIENTE VALUES (14,'cliente14','direccion14');
INSERT INTO CLIENTE VALUES (15,'cliente15','direccion15');
INSERT INTO CLIENTE VALUES (16,'cliente16','direccion16');
INSERT INTO CLIENTE VALUES (17,'cliente17','direccion17');
INSERT INTO CLIENTE VALUES (18,'cliente18','direccion18');
INSERT INTO CLIENTE VALUES (19,'cliente19','direccion19');
INSERT INTO CLIENTE VALUES (20,'cliente20','direccion20');

INSERT INTO PRODUCTO VALUES (000);
INSERT INTO PRODUCTO VALUES (001);
INSERT INTO PRODUCTO VALUES (002);
INSERT INTO PRODUCTO VALUES (003);
INSERT INTO PRODUCTO VALUES (004);
INSERT INTO PRODUCTO VALUES (005);
INSERT INTO PRODUCTO VALUES (006);
INSERT INTO PRODUCTO VALUES (007);
INSERT INTO PRODUCTO VALUES (008);
INSERT INTO PRODUCTO VALUES (009);
INSERT INTO PRODUCTO VALUES (010);
INSERT INTO PRODUCTO VALUES (011);
INSERT INTO PRODUCTO VALUES (012);
INSERT INTO PRODUCTO VALUES (013);
INSERT INTO PRODUCTO VALUES (014);
INSERT INTO PRODUCTO VALUES (015);
INSERT INTO PRODUCTO VALUES (016);
INSERT INTO PRODUCTO VALUES (017);
INSERT INTO PRODUCTO VALUES (018);
INSERT INTO PRODUCTO VALUES (019);
INSERT INTO PRODUCTO VALUES (020);



INSERT INTO ES_DUENIO VALUES (001,1);
INSERT INTO ES_DUENIO VALUES (002,2);
INSERT INTO ES_DUENIO VALUES (003,3);
INSERT INTO ES_DUENIO VALUES (004,4);
INSERT INTO ES_DUENIO VALUES (005,5);
INSERT INTO ES_DUENIO VALUES (006,6);
INSERT INTO ES_DUENIO VALUES (007,7);
INSERT INTO ES_DUENIO VALUES (008,8);
INSERT INTO ES_DUENIO VALUES (009,9);
INSERT INTO ES_DUENIO VALUES (010,10);
INSERT INTO ES_DUENIO VALUES (011,11);
INSERT INTO ES_DUENIO VALUES (012,12);
INSERT INTO ES_DUENIO VALUES (013,13);
INSERT INTO ES_DUENIO VALUES (014,14);
INSERT INTO ES_DUENIO VALUES (015,15);
INSERT INTO ES_DUENIO VALUES (016,16);
INSERT INTO ES_DUENIO VALUES (017,17);
INSERT INTO ES_DUENIO VALUES (018,18);
INSERT INTO ES_DUENIO VALUES (019,19);
INSERT INTO ES_DUENIO VALUES (020,20);
INSERT INTO ES_DUENIO VALUES (000,20);






INSERT INTO PLAN VALUES ('Plan TVCABLE Bronce', 'Plan 1', 'POSTPAGO');
INSERT INTO PLAN VALUES ('Plan TVCABLE Bronce', 'Plan 2', 'PREPAGO');
INSERT INTO PLAN VALUES ('Plan TVCABLE Plata', 'Plan 3', 'POSTPAGO');
INSERT INTO PLAN VALUES ('Plan TVCABLE Plata', 'Plan 4', 'PREPAGO');
INSERT INTO PLAN VALUES ('Plan TVCABLE Oro', 'Plan 5', 'POSTPAGO');
INSERT INTO PLAN VALUES ('Plan TVCABLE Oro', 'Plan 6', 'PREPAGO');


INSERT INTO SERVICIO VALUES ('Nacional', 'Canal 1');
INSERT INTO SERVICIO VALUES ('Variedades', 'Canal 2');
INSERT INTO SERVICIO VALUES('Kids', 'Canal 3');
INSERT INTO SERVICIO VALUES ('Cine', 'Canal 4');
INSERT INTO SERVICIO VALUES ('Deportes', 'Canal 5');
INSERT INTO SERVICIO VALUES ('Mundos', 'Canal 6');
INSERT INTO SERVICIO VALUES ('Radio', 'Canal 7');

INSERT INTO SERVICIO VALUES ('Game channel', 'Canal especial 1');
INSERT INTO SERVICIO VALUES ('Internet', 'Canal especial 2'); 
INSERT INTO SERVICIO VALUES ('Netflix', 'Canal especial 3');


INSERT INTO PAQUETE VALUES ('Paquete 1', 'Plan TVCABLE Bronce');
INSERT INTO PAQUETE VALUES ('Paquete 2', 'Plan TVCABLE Plata');
INSERT INTO PAQUETE VALUES ('Paquete 3', 'Paquete extra');
INSERT INTO PAQUETE VALUES ('Paquete 4', 'Paquete especial');

INSERT INTO CONTIENE VALUES ('Paquete 3', 'Variedades', 20, 0);
INSERT INTO CONTIENE VALUES ('Paquete 3', 'Kids', 15, 0);
INSERT INTO CONTIENE VALUES ('Paquete 3', 'Cine', 15, 0);

INSERT INTO CONTIENE VALUES ('Paquete 4', 'Game channel', 100, 5);
INSERT INTO CONTIENE VALUES ('Paquete 4', 'Internet', 555, 0.5);
INSERT INTO CONTIENE VALUES ('Paquete 4', 'Netflix',  50, 8);


INSERT INTO CONTIENE VALUES ('Paquete 1', 'Nacional', 14, 0);
INSERT INTO CONTIENE VALUES ('Paquete 1', 'Variedades', 15, 0);
INSERT INTO CONTIENE VALUES ('Paquete 1', 'Kids', 4, 0);
INSERT INTO CONTIENE VALUES ('Paquete 1', 'Cine', 4, 0);
INSERT INTO CONTIENE VALUES ('Paquete 1', 'Deportes', 4, 0);
INSERT INTO CONTIENE VALUES ('Paquete 1', 'Mundos', 9, 0);
INSERT INTO CONTIENE VALUES ('Paquete 1', 'Radio', 7, 0);

INSERT INTO TIENE VALUES ('Plan TVCABLE Bronce', 'PREPAGO', 'Paquete 1', 140, 
                          DATE '1999-5-1', DATE '2060-9-1');
INSERT INTO TIENE VALUES ('Plan TVCABLE Bronce', 'POSTPAGO', 'Paquete 1', 140, 
                          DATE '1990-4-1', DATE '2070-9-1');    
INSERT INTO TIENE VALUES ('Plan TVCABLE Oro', 'POSTPAGO', 'Paquete 4', 500, 
                          DATE '1990-4-1', DATE '2070-9-1');    
INSERT INTO TIENE VALUES ('Plan TVCABLE Oro', 'PREPAGO', 'Paquete 4', 500, 
                          DATE '1990-4-1', DATE '2070-9-1');    

INSERT INTO CONTIENE VALUES ('Paquete 2', 'Nacional', 14, 0);
INSERT INTO CONTIENE VALUES ('Paquete 2', 'Variedades', 28, 0);
INSERT INTO CONTIENE VALUES ('Paquete 2', 'Kids', 7, 0);
INSERT INTO CONTIENE VALUES ('Paquete 2', 'Cine', 10, 0);
INSERT INTO CONTIENE VALUES ('Paquete 2', 'Deportes', 9, 0);
INSERT INTO CONTIENE VALUES ('Paquete 2', 'Mundos', 20, 0);
INSERT INTO CONTIENE VALUES ('Paquete 2', 'Radio', 37, 0);
 
INSERT INTO TIENE VALUES ('Plan TVCABLE Plata', 'PREPAGO', 'Paquete 2', 220, 
                          DATE '1999-3-1', DATE '2050-11-1');
INSERT INTO TIENE VALUES ('Plan TVCABLE Plata', 'POSTPAGO', 'Paquete 2', 220, 
                          DATE '1999-9-1', DATE '2050-11-1'); 
                          


INSERT INTO SERVICIO VALUES ('TVBrasil', 'Canal 8');
INSERT INTO SERVICIO VALUES ('SPN', 'Canal 9');
INSERT INTO SERVICIO VALUES ('NoticiasMundial', 'Canal 10');
INSERT INTO SERVICIO VALUES ('Peliculas pago por ver', 'Peliculas!');


INSERT INTO ADICIONAL VALUES ('TVBrasil', 42, 1);
INSERT INTO ADICIONAL VALUES ('SPN', 30, 1);
INSERT INTO ADICIONAL VALUES ('NoticiasMundial', 35, 1);
INSERT INTO ADICIONAL VALUES ('Peliculas pago por ver', 12, 1);



INSERT INTO ESTA_AFILIADO VALUES (000,'Plan TVCABLE Bronce','PREPAGO', 
                                  DATE '2001-8-1', DATE '2010-8-1');
INSERT INTO ESTA_AFILIADO VALUES (001,'Plan TVCABLE Bronce','POSTPAGO',
                                  DATE '2000-8-1', NULL);
INSERT INTO ESTA_AFILIADO VALUES (002,'Plan TVCABLE Bronce','PREPAGO', 
                                  DATE '2010-8-1', DATE '2014-1-1');
INSERT INTO ESTA_AFILIADO VALUES (003,'Plan TVCABLE Bronce','POSTPAGO',
                                  DATE '2000-8-1', DATE '2009-4-1');
INSERT INTO ESTA_AFILIADO VALUES (004,'Plan TVCABLE Bronce','PREPAGO', 
                                  DATE '2005-8-1', DATE '2010-12-1');
INSERT INTO ESTA_AFILIADO VALUES (005,'Plan TVCABLE Bronce','POSTPAGO',
                                  DATE '2006-8-1', NULL);
INSERT INTO ESTA_AFILIADO VALUES (006,'Plan TVCABLE Bronce','PREPAGO', 
                                  DATE '2007-8-1', DATE '2010-10-1');
INSERT INTO ESTA_AFILIADO VALUES (007,'Plan TVCABLE Bronce','POSTPAGO',
                                  DATE '2008-8-1', NULL);         
INSERT INTO ESTA_AFILIADO VALUES (008,'Plan TVCABLE Plata','PREPAGO', 
                                  DATE '2010-2-1', DATE '2010-7-1');
INSERT INTO ESTA_AFILIADO VALUES (009,'Plan TVCABLE Plata','POSTPAGO',
                                  DATE '2013-8-1', DATE '2019-2-1');    
INSERT INTO ESTA_AFILIADO VALUES (010,'Plan TVCABLE Plata','PREPAGO', 
                                  DATE '2010-1-1', DATE '2010-3-1');
INSERT INTO ESTA_AFILIADO VALUES (011,'Plan TVCABLE Plata','POSTPAGO',
                                  DATE '2000-8-1', NULL);                       
INSERT INTO ESTA_AFILIADO VALUES (012,'Plan TVCABLE Plata','PREPAGO', 
                                  DATE '2002-8-1', DATE '2016-8-1');
INSERT INTO ESTA_AFILIADO VALUES (013,'Plan TVCABLE Oro','POSTPAGO',
                                  DATE '2002-8-1', DATE '2014-2-1'); 
INSERT INTO ESTA_AFILIADO VALUES (014,'Plan TVCABLE Oro','PREPAGO', 
                                  DATE '2009-8-1', DATE '2013-8-1');   
INSERT INTO ESTA_AFILIADO VALUES (020,'Plan TVCABLE Plata','POSTPAGO',
                                  DATE '2002-8-1', DATE '2012-2-1');

INSERT INTO POSEE VALUES(002, 'TVBrasil', DATE '2010-12-1', DATE '2012-2-1');
INSERT INTO POSEE VALUES(002, 'SPN', DATE '2011-12-1', DATE '2013-1-1');    


INSERT INTO CONSUME VALUES (014, 'Internet', DATE '2013-5-1', 333);
INSERT INTO CONSUME VALUES (013, 'Internet', DATE '2013-5-1', 333);



                       
                                  